"type","value","count","flag","part","Iteration"
"top_twitterer","ActionOnHearing",214,"none","2015-10",0
"top_twitterer","phonak",177,"none","2015-10",0
"top_twitterer","BigEarInc",41,"none","2015-10",0
"top_twitterer","MedAcoustics",12,"none","2015-10",0
"top_twitterer","_AccessSolution",12,"none","2015-10",0
"top_twitterer","kathleenlhill",12,"none","2015-10",0
"top_twitterer","HearingLossHour",10,"none","2015-10",0
"top_twitterer","HeartOfGWR",10,"none","2015-10",0
"top_twitterer","shropsdeafaware",6,"none","2015-10",0
"top_twitterer","MainLandHear",4,"none","2015-10",0
"top_twitterer","brittanyhalli16",1,"none","2015-10",0
"top_twitterer","HearingCare5",0,"none","2015-10",0
"top_hashtag","hearingloss",219,"none","2015-10",0
"top_hashtag","Hearing",131,"none","2015-10",0
"top_hashtag","GenerationDeaf",72,"none","2015-10",0
"top_hashtag","CoverYourEars",69,"none","2015-10",0
"top_hashtag","ListenHear",69,"none","2015-10",0
"top_hashtag","deaf",38,"none","2015-10",0
"top_hashtag","naturally",38,"none","2015-10",0
"top_hashtag","your",38,"none","2015-10",0
"top_hashtag","AudPeeps",31,"none","2015-10",0
"top_hashtag","olderpeoplesday",29,"none","2015-10",0
"top_hashtag","FNDCelebration",25,"none","2015-10",0
"top_hashtag","CPRinDCSchools",18,"none","2015-10",0
"top_hashtag","nextgen",18,"none","2015-10",0
"top_hashtag","sensoryloss",18,"none","2015-10",0
"tag","CPC15",6,"conference","2015-10",0
"tag","EIAS2015",4,"conference","2015-10",0
"tag","cassidystoprapping2015",2,"conference","2015-10",0
"tag","con15",2,"conference","2015-10",0
"tag","miaw2015",2,"conference","2015-10",0
"tag","BAAConf",1,"conference","2015-10",0
"tag","DisabilityConfident",1,"conference","2015-10",0
"tag","gamescom2015",1,"conference","2015-10",0
"tag","nlaslpa2015",1,"conference","2015-10",0
"tag","RWC2015",1,"conference","2015-10",0
"tag","Hearing",131,"mesh","2015-10",0
"tag","audiology",12,"mesh","2015-10",0
"tag","tinnitus",12,"mesh","2015-10",0
"tag","deafness",9,"mesh","2015-10",0
"tag","dementia",9,"mesh","2015-10",0
"tag","cats",6,"mesh","2015-10",0
"tag","travel",5,"mesh","2015-10",0
"tag","aging",4,"mesh","2015-10",0
"tag","noise",4,"mesh","2015-10",0
"tag","Parents",4,"mesh","2015-10",0
"tag","smoking",4,"mesh","2015-10",0
"tag","communication",3,"mesh","2015-10",0
"tag","hawaii",3,"mesh","2015-10",0
"tag","medicine",3,"mesh","2015-10",0
"tag","Psoriasis",3,"mesh","2015-10",0
"tag","Safety",3,"mesh","2015-10",0
"tag","sound",3,"mesh","2015-10",0
"tag","technology",3,"mesh","2015-10",0
"tag","Africa",2,"mesh","2015-10",0
"tag","book",2,"mesh","2015-10",0
"tag","diet",2,"mesh","2015-10",0
"tag","Droughts",2,"mesh","2015-10",0
"tag","education",2,"mesh","2015-10",0
"tag","fatigue",2,"mesh","2015-10",0
"tag","freedom",2,"mesh","2015-10",0
"tag","love",2,"mesh","2015-10",0
"tag","music",2,"mesh","2015-10",0
"tag","nature",2,"mesh","2015-10",0
"tag","Nutrition",2,"mesh","2015-10",0
"tag","running",2,"mesh","2015-10",0
"tag","blindness",1,"mesh","2015-10",0
"tag","child",1,"mesh","2015-10",0
"tag","death",1,"mesh","2015-10",0
"tag","depression",1,"mesh","2015-10",0
"tag","disclosure",1,"mesh","2015-10",0
"tag","Florida",1,"mesh","2015-10",0
"tag","food",1,"mesh","2015-10",0
"tag","geriatrics",1,"mesh","2015-10",0
"tag","germany",1,"mesh","2015-10",0
"tag","infant",1,"mesh","2015-10",0
"tag","Jordan",1,"mesh","2015-10",0
"tag","life",1,"mesh","2015-10",0
"tag","LipReading",1,"mesh","2015-10",0
"tag","literature",1,"mesh","2015-10",0
"tag","london",1,"mesh","2015-10",0
"tag","metabolism",1,"mesh","2015-10",0
"tag","mortality",1,"mesh","2015-10",0
"tag","Nursing",1,"mesh","2015-10",0
"tag","obesity",1,"mesh","2015-10",0
"tag","policy",1,"mesh","2015-10",0
"tag","specialeducation",18,"none","2015-10",0
"tag","healthproblems",14,"none","2015-10",0
"tag","StaffordshireHour",14,"none","2015-10",0
"tag","vision",14,"none","2015-10",0
"tag","hearingaid",12,"none","2015-10",0
"tag","hearingaids",12,"none","2015-10",0
"tag","hardofhearing",11,"none","2015-10",0
"tag","HOH",9,"none","2015-10",0
"tag","CaregivingChallenge",8,"none","2015-10",0
"tag","letstalk",8,"none","2015-10",0
"tag","mufc",8,"none","2015-10",0
"tag","AlternativeandComplimentaryMedicine",7,"none","2015-10",0
"tag","people",7,"none","2015-10",0
"tag","pray",7,"none","2015-10",0
"tag","ShowYourAids",7,"none","2015-10",0
"tag","Widex",7,"none","2015-10",0
"tag","children",6,"none","2015-10",0
"tag","headphones",6,"none","2015-10",0
"tag","heardofhearing",6,"none","2015-10",0
"tag","NHS",6,"none","2015-10",0
"tag","specialneeds",6,"none","2015-10",0
"tag","a11y",5,"none","2015-10",0
"tag","DevoManc",5,"none","2015-10",0
"tag","DidYouHear",5,"none","2015-10",0
"tag","dignity",5,"none","2015-10",0
"tag","loss",5,"none","2015-10",0
"tag","MNF",5,"none","2015-10",0
"tag","Obese",5,"none","2015-10",0
"tag","prayer",5,"none","2015-10",0
"top_twitterer","Jade_Films",870,"none","2015-2",1
"top_twitterer","HearingClub",681,"none","2015-2",1
"top_twitterer","CochlearUS",111,"none","2015-2",1
"top_twitterer","SandyAlz",110,"none","2015-2",1
"top_twitterer","ktoddhouston",101,"none","2015-2",1
"top_twitterer","HearingHealthFn",75,"none","2015-2",1
"top_twitterer","worldmedi",67,"none","2015-2",1
"top_twitterer","Aspinall_Ink",52,"none","2015-2",1
"top_twitterer","hihidco",45,"none","2015-2",1
"top_twitterer","health_google",32,"none","2015-2",1
"top_twitterer","DutchCajonist",27,"none","2015-2",1
"top_twitterer","TinnitusKit",26,"none","2015-2",1
"top_twitterer","tinnituscauses",23,"none","2015-2",1
"top_twitterer","LimitEar",22,"none","2015-2",1
"top_hashtag","hearingloss",363,"none","2015-2",1
"top_hashtag","Hearing",182,"none","2015-2",1
"top_hashtag","TheShatteredMind",114,"none","2015-2",1
"top_hashtag","tinnitus",88,"none","2015-2",1
"top_hashtag","world",50,"none","2015-2",1
"top_hashtag","music",47,"none","2015-2",1
"top_hashtag","WHO",43,"none","2015-2",1
"top_hashtag","deaf",35,"none","2015-2",1
"top_hashtag","Loss",33,"none","2015-2",1
"top_hashtag","TDC",28,"none","2015-2",1
"top_hashtag","NHCA2015",22,"none","2015-2",1
"top_hashtag","HowCanIHelpYouHear",21,"none","2015-2",1
"top_hashtag","auspol",20,"none","2015-2",1
"top_hashtag","sound",19,"none","2015-2",1
"tag","NHCA2015",22,"conference","2015-2",1
"tag","ARO2015",9,"conference","2015-2",1
"tag","vlm2015",4,"conference","2015-2",1
"tag","Oscars2015",3,"conference","2015-2",1
"tag","SVW2015",3,"conference","2015-2",1
"tag","CES2015",2,"conference","2015-2",1
"tag","RareDiseaseDay2015",2,"conference","2015-2",1
"tag","SWAD2015",2,"conference","2015-2",1
"tag","AGBT15",1,"conference","2015-2",1
"tag","BRITs2015",1,"conference","2015-2",1
"tag","Dusi2015",1,"conference","2015-2",1
"tag","Enjoylife15",1,"conference","2015-2",1
"tag","Hearing",182,"mesh","2015-2",1
"tag","tinnitus",88,"mesh","2015-2",1
"tag","music",47,"mesh","2015-2",1
"tag","sound",19,"mesh","2015-2",1
"tag","Audiology",14,"mesh","2015-2",1
"tag","child",13,"mesh","2015-2",1
"tag","Noise",12,"mesh","2015-2",1
"tag","Obesity",12,"mesh","2015-2",1
"tag","Pakistan",10,"mesh","2015-2",1
"tag","risk",10,"mesh","2015-2",1
"tag","dementia",9,"mesh","2015-2",1
"tag","Cuba",8,"mesh","2015-2",1
"tag","exercise",8,"mesh","2015-2",1
"tag","tablets",6,"mesh","2015-2",1
"tag","Deafness",5,"mesh","2015-2",1
"tag","ear",5,"mesh","2015-2",1
"tag","aging",4,"mesh","2015-2",1
"tag","marketing",4,"mesh","2015-2",1
"tag","nigeria",4,"mesh","2015-2",1
"tag","parenting",4,"mesh","2015-2",1
"tag","communication",3,"mesh","2015-2",1
"tag","research",3,"mesh","2015-2",1
"tag","travel",3,"mesh","2015-2",1
"tag","Vertigo",3,"mesh","2015-2",1
"tag","dogs",2,"mesh","2015-2",1
"tag","food",2,"mesh","2015-2",1
"tag","Illinois",2,"mesh","2015-2",1
"tag","Inventions",2,"mesh","2015-2",1
"tag","leadership",2,"mesh","2015-2",1
"tag","Malawi",2,"mesh","2015-2",1
"tag","Medicine",2,"mesh","2015-2",1
"tag","parents",2,"mesh","2015-2",1
"tag","radio",2,"mesh","2015-2",1
"tag","retirement",2,"mesh","2015-2",1
"tag","safety",2,"mesh","2015-2",1
"tag","technology",2,"mesh","2015-2",1
"tag","Utah",2,"mesh","2015-2",1
"tag","Vitamins",2,"mesh","2015-2",1
"tag","Art",1,"mesh","2015-2",1
"tag","association",1,"mesh","2015-2",1
"tag","Canada",1,"mesh","2015-2",1
"tag","cochlea",1,"mesh","2015-2",1
"tag","Culture",1,"mesh","2015-2",1
"tag","depression",1,"mesh","2015-2",1
"tag","environment",1,"mesh","2015-2",1
"tag","Europe",1,"mesh","2015-2",1
"tag","fear",1,"mesh","2015-2",1
"tag","friends",1,"mesh","2015-2",1
"tag","heart",1,"mesh","2015-2",1
"tag","Hypothyroidism",1,"mesh","2015-2",1
"tag","audio",17,"none","2015-2",1
"tag","audpeeps",17,"none","2015-2",1
"tag","Google",16,"none","2015-2",1
"tag","hearingaids",16,"none","2015-2",1
"tag","betterhearing",15,"none","2015-2",1
"tag","NIHL",14,"none","2015-2",1
"tag","FactFriday",12,"none","2015-2",1
"tag","HearingLoss
Read",12,"none","2015-2",1
"tag","home",12,"none","2015-2",1
"tag","vicelikegrip",12,"none","2015-2",1
"tag","AmericanHeartMonth",11,"none","2015-2",1
"tag","captions",11,"none","2015-2",1
"tag","Cochlear",11,"none","2015-2",1
"tag","Dogs...",10,"none","2015-2",1
"tag","fitness",10,"none","2015-2",1
"tag","of",10,"none","2015-2",1
"tag","Billion",9,"none","2015-2",1
"tag","HelpMeHear",9,"none","2015-2",1
"tag","JustWondering",9,"none","2015-2",1
"tag","tech",9,"none","2015-2",1
"tag","Tuesday",9,"none","2015-2",1
"tag","VoicePremiere",9,"none","2015-2",1
"tag","at",8,"none","2015-2",1
"tag","construction",8,"none","2015-2",1
"tag","ENT",8,"none","2015-2",1
"tag","FitnessRepublic",8,"none","2015-2",1
"top_twitterer","AHealthBlog",944,"none","2015-3",2
"top_twitterer","nanopatents",589,"none","2015-3",2
"top_twitterer","HearingClub",569,"none","2015-3",2
"top_twitterer","beforeitsnews",477,"none","2015-3",2
"top_twitterer","HearingHealthFn",437,"none","2015-3",2
"top_twitterer","ActionOnHearing",340,"none","2015-3",2
"top_twitterer","SandyAlz",339,"none","2015-3",2
"top_twitterer","CochlearUS",311,"none","2015-3",2
"top_twitterer","starkeyhearing",199,"none","2015-3",2
"top_twitterer","Prolegal_Ltd",193,"none","2015-3",2
"top_twitterer","ktoddhouston",179,"none","2015-3",2
"top_twitterer","health_google",150,"none","2015-3",2
"top_twitterer","MonitorUpdate",148,"none","2015-3",2
"top_twitterer","HearingCentral",117,"none","2015-3",2
"top_hashtag","hearingloss",791,"none","2015-3",2
"top_hashtag","hearing",496,"none","2015-3",2
"top_hashtag","Tinnitus",202,"none","2015-3",2
"top_hashtag","audpeeps",124,"none","2015-3",2
"top_hashtag","music",119,"none","2015-3",2
"top_hashtag","deaf",105,"none","2015-3",2
"top_hashtag","ListenSafely",105,"none","2015-3",2
"top_hashtag","measles",104,"none","2015-3",2
"top_hashtag","EurekaMag",93,"none","2015-3",2
"top_hashtag","CordBlood411",78,"none","2015-3",2
"top_hashtag","AN15",66,"none","2015-3",2
"top_hashtag","google",66,"none","2015-3",2
"top_hashtag","NIHL",62,"none","2015-3",2
"top_hashtag","VIRAL:1bn",62,"none","2015-3",2
"tag","AN15",66,"conference","2015-3",2
"tag","AAS2015",12,"conference","2015-3",2
"tag","ACMGMtg",10,"conference","2015-3",2
"tag","vlm2015",9,"conference","2015-3",2
"tag","IWD2015",7,"conference","2015-3",2
"tag","dukconf15",6,"conference","2015-3",2
"tag","EarCareDay2015",5,"conference","2015-3",2
"tag","SNPconf",5,"conference","2015-3",2
"tag","CWC15",4,"conference","2015-3",2
"tag","AN2015",3,"conference","2015-3",2
"tag","BFG15",3,"conference","2015-3",2
"tag","CROSS2015",3,"conference","2015-3",2
"tag","MDHLPHconf",3,"conference","2015-3",2
"tag","WHI2015",3,"conference","2015-3",2
"tag","AiA15",2,"conference","2015-3",2
"tag","ASO_2015",2,"conference","2015-3",2
"tag","baap2015",2,"conference","2015-3",2
"tag","bcig_uk2015",2,"conference","2015-3",2
"tag","cycletour2015”",2,"conference","2015-3",2
"tag","indexaward2015",2,"conference","2015-3",2
"tag","MEOTO2015",2,"conference","2015-3",2
"tag","Paconft",2,"conference","2015-3",2
"tag","PSUCI2015",2,"conference","2015-3",2
"tag","SB2015",2,"conference","2015-3",2
"tag","crm2015",1,"conference","2015-3",2
"tag","CUE15",1,"conference","2015-3",2
"tag","Election2015",1,"conference","2015-3",2
"tag","EMConf",1,"conference","2015-3",2
"tag","ESC15",1,"conference","2015-3",2
"tag","GE15",1,"conference","2015-3",2
"tag","HSC104_S15",1,"conference","2015-3",2
"tag","LLLIrelandConf15",1,"conference","2015-3",2
"tag","Mobilize2015",1,"conference","2015-3",2
"tag","MWC15",1,"conference","2015-3",2
"tag","NHCA2015",1,"conference","2015-3",2
"tag","olderpeople15",1,"conference","2015-3",2
"tag","PAM15",1,"conference","2015-3",2
"tag","SCHSProm2015",1,"conference","2015-3",2
"tag","stopeva2015",1,"conference","2015-3",2
"tag","SXSW15",1,"conference","2015-3",2
"tag","SXSW2015",1,"conference","2015-3",2
"tag","TAW15",1,"conference","2015-3",2
"tag","Ultra2015",1,"conference","2015-3",2
"tag","WITS15",1,"conference","2015-3",2
"tag","hearing",496,"mesh","2015-3",2
"tag","Tinnitus",202,"mesh","2015-3",2
"tag","music",119,"mesh","2015-3",2
"tag","measles",104,"mesh","2015-3",2
"tag","deafness",61,"mesh","2015-3",2
"tag","Audiology",40,"mesh","2015-3",2
"tag","noise",35,"mesh","2015-3",2
"tag","safety",31,"mesh","2015-3",2
"tag","brain",26,"mesh","2015-3",2
"tag","risk",24,"mesh","2015-3",2
"tag","sound",24,"mesh","2015-3",2
"tag","Aging",20,"mesh","2015-3",2
"tag","geriatrics",19,"mesh","2015-3",2
"tag","child",17,"mesh","2015-3",2
"tag","depression",15,"mesh","2015-3",2
"tag","work",14,"mesh","2015-3",2
"tag","workplace",14,"mesh","2015-3",2
"tag","insurance",12,"mesh","2015-3",2
"tag","research",12,"mesh","2015-3",2
"tag","Dementia",11,"mesh","2015-3",2
"tag","veterans",10,"mesh","2015-3",2
"tag","disease",9,"mesh","2015-3",2
"tag","life",9,"mesh","2015-3",2
"tag","parents",8,"mesh","2015-3",2
"tag","technology",8,"mesh","2015-3",2
"tag","ear",7,"mesh","2015-3",2
"tag","Nigeria",7,"mesh","2015-3",2
"tag","Psoriasis",7,"mesh","2015-3",2
"tag","china",6,"mesh","2015-3",2
"tag","Europe",6,"mesh","2015-3",2
"tag","vertigo",6,"mesh","2015-3",2
"tag","India",5,"mesh","2015-3",2
"tag","mining",5,"mesh","2015-3",2
"tag","radio",5,"mesh","2015-3",2
"tag","cats",4,"mesh","2015-3",2
"tag","Chicago",4,"mesh","2015-3",2
"tag","Diet",4,"mesh","2015-3",2
"tag","education",4,"mesh","2015-3",2
"tag","Entrepreneurship",4,"mesh","2015-3",2
"tag","friends",4,"mesh","2015-3",2
"tag","kidney",4,"mesh","2015-3",2
"tag","love",4,"mesh","2015-3",2
"tag","pediatrics",4,"mesh","2015-3",2
"tag","students",4,"mesh","2015-3",2
"tag","blindness",3,"mesh","2015-3",2
"tag","fires",3,"mesh","2015-3",2
"tag","georgia",3,"mesh","2015-3",2
"tag","history",3,"mesh","2015-3",2
"tag","labyrinthitis",3,"mesh","2015-3",2
"tag","language",3,"mesh","2015-3",2
"tag","world",61,"none","2015-3",2
"tag","WHO",56,"none","2015-3",2
"tag","hearingaids",52,"none","2015-3",2
"tag","loss",51,"none","2015-3",2
"tag","LifeIsWorthHearing...",47,"none","2015-3",2
"tag","EarCareDay",46,"none","2015-3",2
"tag","دراسات",41,"none","2015-3",2
"tag","صحة",41,"none","2015-3",2
"tag","طب",41,"none","2015-3",2
"tag","معلومات",41,"none","2015-3",2
"tag","موسيقى",41,"none","2015-3",2
"tag","CNNArabic",40,"none","2015-3",2
"tag","HelpMeHear",39,"none","2015-3",2
"tag","kids",37,"none","2015-3",2
"tag","didyouknow",34,"none","2015-3",2
"tag","InternationalEarCareDay",34,"none","2015-3",2
"tag","AskWHO",33,"none","2015-3",2
"tag","PPASummit",31,"none","2015-3",2
"tag","morethan4",29,"none","2015-3",2
"tag","NHS",27,"none","2015-3",2
"tag","teens",27,"none","2015-3",2
"tag","CNN",26,"none","2015-3",2
"tag","healthnews",24,"none","2015-3",2
"tag","headphones",23,"none","2015-3",2
"tag","loud",23,"none","2015-3",2
"tag","AUDIO",22,"none","2015-3",2
"tag","fitness",22,"none","2015-3",2
"tag","infographic",21,"none","2015-3",2
"tag","QPP",21,"none","2015-3",2
"top_twitterer","ActionOnHearing",444,"none","2015-4",3
"top_twitterer","DeltaZetaNatl",404,"none","2015-4",3
"top_twitterer","HearingHealthFn",349,"none","2015-4",3
"top_twitterer","phonak",337,"none","2015-4",3
"top_twitterer","CochlearUS",336,"none","2015-4",3
"top_twitterer","Prolegal_Ltd",282,"none","2015-4",3
"top_twitterer","SandyAlz",242,"none","2015-4",3
"top_twitterer","HEALTHFITNES26",148,"none","2015-4",3
"top_twitterer","espamerica",108,"none","2015-4",3
"top_twitterer","MDLinx",99,"none","2015-4",3
"top_twitterer","tinnitusexpert_",71,"none","2015-4",3
"top_twitterer","SamHammer",67,"none","2015-4",3
"top_twitterer","RestoreHearing",65,"none","2015-4",3
"top_twitterer","MedAcoustics",60,"none","2015-4",3
"top_hashtag","HearingLoss",660,"none","2015-4",3
"top_hashtag","DZLearn2Listen",505,"none","2015-4",3
"top_hashtag","Hearing",402,"none","2015-4",3
"top_hashtag","tinnitus",190,"none","2015-4",3
"top_hashtag","FridayFacts",164,"none","2015-4",3
"top_hashtag","uadz",123,"none","2015-4",3
"top_hashtag","CorpTaxInquiry",78,"none","2015-4",3
"top_hashtag","hearingaids",75,"none","2015-4",3
"top_hashtag","deaf",71,"none","2015-4",3
"top_hashtag","audpeeps",66,"none","2015-4",3
"top_hashtag","music",65,"none","2015-4",3
"top_hashtag","Loss",55,"none","2015-4",3
"top_hashtag","tinnitus.
70%",54,"none","2015-4",3
"top_hashtag","learn2listen",45,"none","2015-4",3
"tag","UKBA15",7,"conference","2015-4",3
"tag","housing4all15",6,"conference","2015-4",3
"tag","SafeDay2015",6,"conference","2015-4",3
"tag","asnr15",5,"conference","2015-4",3
"tag","EnjoyLife15",5,"conference","2015-4",3
"tag","LearnToListenWeek2015",3,"conference","2015-4",3
"tag","DAW15",2,"conference","2015-4",3
"tag","HLAA2015",2,"conference","2015-4",3
"tag","AAG2015",1,"conference","2015-4",3
"tag","AAS2015",1,"conference","2015-4",3
"tag","AN15",1,"conference","2015-4",3
"tag","BioIT15",1,"conference","2015-4",3
"tag","EDays2015",1,"conference","2015-4",3
"tag","IOHA2015",1,"conference","2015-4",3
"tag","mdga15",1,"conference","2015-4",3
"tag","MidSizedConf",1,"conference","2015-4",3
"tag","NWLC15",1,"conference","2015-4",3
"tag","PSUCI2015",1,"conference","2015-4",3
"tag","rmpa15",1,"conference","2015-4",3
"tag","springbreak2k15",1,"conference","2015-4",3
"tag","USANZ15",1,"conference","2015-4",3
"tag","Hearing",402,"mesh","2015-4",3
"tag","tinnitus",190,"mesh","2015-4",3
"tag","music",65,"mesh","2015-4",3
"tag","acupuncture",32,"mesh","2015-4",3
"tag","Osteoporosis",28,"mesh","2015-4",3
"tag","deafness",26,"mesh","2015-4",3
"tag","Research",26,"mesh","2015-4",3
"tag","dementia",20,"mesh","2015-4",3
"tag","noise",20,"mesh","2015-4",3
"tag","audiology",18,"mesh","2015-4",3
"tag","nurses",16,"mesh","2015-4",3
"tag","Ear",15,"mesh","2015-4",3
"tag","sound",14,"mesh","2015-4",3
"tag","depression",12,"mesh","2015-4",3
"tag","Neurology",12,"mesh","2015-4",3
"tag","Diet",11,"mesh","2015-4",3
"tag","risk",11,"mesh","2015-4",3
"tag","veterans",11,"mesh","2015-4",3
"tag","technology",10,"mesh","2015-4",3
"tag","india",9,"mesh","2015-4",3
"tag","smokers",9,"mesh","2015-4",3
"tag","Wisconsin",9,"mesh","2015-4",3
"tag","aging",8,"mesh","2015-4",3
"tag","insurance",8,"mesh","2015-4",3
"tag","rheum",8,"mesh","2015-4",3
"tag","Sports",7,"mesh","2015-4",3
"tag","blindness",6,"mesh","2015-4",3
"tag","radio",6,"mesh","2015-4",3
"tag","students",6,"mesh","2015-4",3
"tag","vaccination",6,"mesh","2015-4",3
"tag","Workplace",6,"mesh","2015-4",3
"tag","arthritis",5,"mesh","2015-4",3
"tag","education",5,"mesh","2015-4",3
"tag","friends",5,"mesh","2015-4",3
"tag","parenting",5,"mesh","2015-4",3
"tag","Rheumatology",5,"mesh","2015-4",3
"tag","aminoglycosides",4,"mesh","2015-4",3
"tag","caregivers",4,"mesh","2015-4",3
"tag","Child",4,"mesh","2015-4",3
"tag","family",4,"mesh","2015-4",3
"tag","London",4,"mesh","2015-4",3
"tag","Nepal",4,"mesh","2015-4",3
"tag","Nigeria",4,"mesh","2015-4",3
"tag","beauty",3,"mesh","2015-4",3
"tag","cats",3,"mesh","2015-4",3
"tag","Safety",3,"mesh","2015-4",3
"tag","suicide",3,"mesh","2015-4",3
"tag","Taiwan",3,"mesh","2015-4",3
"tag","Vertigo",3,"mesh","2015-4",3
"tag","VOICE",3,"mesh","2015-4",3
"tag","NoiseAwarenessDay",43,"none","2015-4",3
"tag","BHSMContest",40,"none","2015-4",3
"tag","HealthandMedicine",40,"none","2015-4",3
"tag","worldhealthday",39,"none","2015-4",3
"tag","NIHL",35,"none","2015-4",3
"tag","LearnToListenWeek",33,"none","2015-4",3
"tag","Baha5",30,"none","2015-4",3
"tag","cochlearimplants",29,"none","2015-4",3
"tag","1",28,"none","2015-4",3
"tag","Chennai",26,"none","2015-4",3
"tag","HelpMeHear",26,"none","2015-4",3
"tag","NoHonking",26,"none","2015-4",3
"tag","fitness",24,"none","2015-4",3
"tag","healthyhearing",24,"none","2015-4",3
"tag","MahalKitaBTOB",24,"none","2015-4",3
"tag","RIPEarDrums",24,"none","2015-4",3
"tag","Tsarnaev",23,"none","2015-4",3
"tag","MayoClinicRadio",22,"none","2015-4",3
"tag","NASCAR",22,"none","2015-4",3
"tag","DictatorFreeIITJ",21,"none","2015-4",3
"tag","3",20,"none","2015-4",3
"tag","factfriday",19,"none","2015-4",3
"tag","Learn2ListenWeek",19,"none","2015-4",3
"tag","StressAwarenessMonth",19,"none","2015-4",3
"tag","InternationalNoiseAwarenessDay",18,"none","2015-4",3
"tag","deltazeta",17,"none","2015-4",3
"tag","truewireless",17,"none","2015-4",3
"tag","csd1080go",16,"none","2015-4",3
"top_twitterer","phonak",938,"none","2015-5",4
"top_twitterer","HearingHealthFn",701,"none","2015-5",4
"top_twitterer","ktoddhouston",418,"none","2015-5",4
"top_twitterer","ActionOnHearing",327,"none","2015-5",4
"top_twitterer","starkeyhearing",294,"none","2015-5",4
"top_twitterer","CochlearUS",248,"none","2015-5",4
"top_twitterer","starkeycares",210,"none","2015-5",4
"top_twitterer","HearingCentral",208,"none","2015-5",4
"top_twitterer","BigEarInc",183,"none","2015-5",4
"top_twitterer","MDLinx",121,"none","2015-5",4
"top_twitterer","HEALTHFITNES26",108,"none","2015-5",4
"top_twitterer","comhunicate",107,"none","2015-5",4
"top_twitterer","RestoreHearing",91,"none","2015-5",4
"top_twitterer","tinnituscauses",78,"none","2015-5",4
"top_hashtag","hearingloss",969,"none","2015-5",4
"top_hashtag","Hearing",419,"none","2015-5",4
"top_hashtag","Tinnitus",233,"none","2015-5",4
"top_hashtag","BHSMContest",192,"none","2015-5",4
"top_hashtag","BHSM",190,"none","2015-5",4
"top_hashtag","Fukushima",149,"none","2015-5",4
"top_hashtag","DeafAwarenessWeek",144,"none","2015-5",4
"top_hashtag","MakeMusicChange",125,"none","2015-5",4
"top_hashtag","HelpMeHear",120,"none","2015-5",4
"top_hashtag","hearinglossawareness",118,"none","2015-5",4
"top_hashtag","HearTheCure",118,"none","2015-5",4
"top_hashtag","BigEarInc",113,"none","2015-5",4
"top_hashtag","DAW15",109,"none","2015-5",4
"top_hashtag","deaf",108,"none","2015-5",4
"tag","DAW15",109,"conference","2015-5",4
"tag","DAW2015",93,"conference","2015-5",4
"tag","WAS2015",26,"conference","2015-5",4
"tag","IHMayDay15",12,"conference","2015-5",4
"tag","SepsisUP15",12,"conference","2015-5",4
"tag","HLAA2015",8,"conference","2015-5",4
"tag","eqw2015",7,"conference","2015-5",4
"tag","GE2015",5,"conference","2015-5",4
"tag","MAP15",5,"conference","2015-5",4
"tag","AGS15",4,"conference","2015-5",4
"tag","SCNC2015",4,"conference","2015-5",4
"tag","CSI2015",3,"conference","2015-5",4
"tag","DCAD2015",3,"conference","2015-5",4
"tag","FinFest2015",3,"conference","2015-5",4
"tag","osseo2015",3,"conference","2015-5",4
"tag","VOICE2015",3,"conference","2015-5",4
"tag","AMPHL2015",2,"conference","2015-5",4
"tag","Eurovision2015",2,"conference","2015-5",4
"tag","ewnConf",2,"conference","2015-5",4
"tag","FHRES15",2,"conference","2015-5",4
"tag","LCPS15",2,"conference","2015-5",4
"tag","VOICEconference",2,"conference","2015-5",4
"tag","AN15",1,"conference","2015-5",4
"tag","CGD15",1,"conference","2015-5",4
"tag","DAW15”",1,"conference","2015-5",4
"tag","emconf",1,"conference","2015-5",4
"tag","im2015",1,"conference","2015-5",4
"tag","io15",1,"conference","2015-5",4
"tag","mcconf15",1,"conference","2015-5",4
"tag","NNDR2015",1,"conference","2015-5",4
"tag","RT15",1,"conference","2015-5",4
"tag","SafetyWeek2015",1,"conference","2015-5",4
"tag","springconference15",1,"conference","2015-5",4
"tag","Hearing",419,"mesh","2015-5",4
"tag","Tinnitus",233,"mesh","2015-5",4
"tag","deafness",45,"mesh","2015-5",4
"tag","music",39,"mesh","2015-5",4
"tag","Audiology",34,"mesh","2015-5",4
"tag","diet",27,"mesh","2015-5",4
"tag","Dementia",22,"mesh","2015-5",4
"tag","Brain",20,"mesh","2015-5",4
"tag","aging",17,"mesh","2015-5",4
"tag","cognition",15,"mesh","2015-5",4
"tag","child",11,"mesh","2015-5",4
"tag","Japan",10,"mesh","2015-5",4
"tag","Osteoporosis",10,"mesh","2015-5",4
"tag","hockey",9,"mesh","2015-5",4
"tag","noise",9,"mesh","2015-5",4
"tag","psychology",9,"mesh","2015-5",4
"tag","parents",7,"mesh","2015-5",4
"tag","Technology",7,"mesh","2015-5",4
"tag","speech",6,"mesh","2015-5",4
"tag","awareness",5,"mesh","2015-5",4
"tag","food",5,"mesh","2015-5",4
"tag","safety",5,"mesh","2015-5",4
"tag","Acupuncture",4,"mesh","2015-5",4
"tag","canada",4,"mesh","2015-5",4
"tag","radio",4,"mesh","2015-5",4
"tag","Research",4,"mesh","2015-5",4
"tag","Rheumatology",4,"mesh","2015-5",4
"tag","smoking",4,"mesh","2015-5",4
"tag","travel",4,"mesh","2015-5",4
"tag","veterans",4,"mesh","2015-5",4
"tag","Boston",3,"mesh","2015-5",4
"tag","communication",3,"mesh","2015-5",4
"tag","depression",3,"mesh","2015-5",4
"tag","ear",3,"mesh","2015-5",4
"tag","Hair",3,"mesh","2015-5",4
"tag","infection",3,"mesh","2015-5",4
"tag","memory",3,"mesh","2015-5",4
"tag","neurology",3,"mesh","2015-5",4
"tag","ophthalmology",3,"mesh","2015-5",4
"tag","parenting",3,"mesh","2015-5",4
"tag","pediatrics",3,"mesh","2015-5",4
"tag","sound",3,"mesh","2015-5",4
"tag","Workplace",3,"mesh","2015-5",4
"tag","yoga",3,"mesh","2015-5",4
"tag","canes",2,"mesh","2015-5",4
"tag","cholesteatoma",2,"mesh","2015-5",4
"tag","dogs",2,"mesh","2015-5",4
"tag","florida",2,"mesh","2015-5",4
"tag","Horses",2,"mesh","2015-5",4
"tag","hypertension",2,"mesh","2015-5",4
"tag","BetterHearingMonth",96,"none","2015-5",4
"tag","BHSMchat",94,"none","2015-5",4
"tag","hearingaids",86,"none","2015-5",4
"tag","2",70,"none","2015-5",4
"tag","3",70,"none","2015-5",4
"tag","tech",70,"none","2015-5",4
"tag","whatif",64,"none","2015-5",4
"tag","audpeeps",63,"none","2015-5",4
"tag","cdnpoli",63,"none","2015-5",4
"tag","loss",61,"none","2015-5",4
"tag","MakeMusicChange
https://t…",56,"none","2015-5",4
"tag","1",55,"none","2015-5",4
"tag","neurological",49,"none","2015-5",4
"tag","RevereTheEar",49,"none","2015-5",4
"tag","BSHM",45,"none","2015-5",4
"tag","Fukushima—600%",43,"none","2015-5",4
"tag","6",42,"none","2015-5",4
"tag","HearingAid",42,"none","2015-5",4
"tag","ringing",40,"none","2015-5",4
"tag","HearingHealthMonth",39,"none","2015-5",4
"tag","fitness",38,"none","2015-5",4
"tag","Newtownabbey",37,"none","2015-5",4
"tag","cochlear",30,"none","2015-5",4
"tag","7",27,"none","2015-5",4
"tag","MayMonth",27,"none","2015-5",4
"tag","Weightloss",27,"none","2015-5",4
"tag","5",25,"none","2015-5",4
"tag","FortMyers",24,"none","2015-5",4
"tag","10",22,"none","2015-5",4
"top_twitterer","ActionOnHearing",1221,"none","2015-6",5
"top_twitterer","BritishTinnitus",1168,"none","2015-6",5
"top_twitterer","phonak",497,"none","2015-6",5
"top_twitterer","HearingHealthFn",452,"none","2015-6",5
"top_twitterer","HEALTHFITNES26",271,"none","2015-6",5
"top_twitterer","CochlearUS",265,"none","2015-6",5
"top_twitterer","BigEarInc",228,"none","2015-6",5
"top_twitterer","AegisSoundLabs",160,"none","2015-6",5
"top_twitterer","starkeyhearing",151,"none","2015-6",5
"top_twitterer","MDLinx",131,"none","2015-6",5
"top_twitterer","RestoreHearing",110,"none","2015-6",5
"top_twitterer","espamerica",85,"none","2015-6",5
"top_twitterer","MedAcoustics",63,"none","2015-6",5
"top_twitterer","Siemens_Hear_US",59,"none","2015-6",5
"top_hashtag","hearing",677,"none","2015-6",5
"top_hashtag","HearingLoss",651,"none","2015-6",5
"top_hashtag","tinnitus",481,"none","2015-6",5
"top_hashtag","hearingaccess",180,"none","2015-6",5
"top_hashtag","SubtitleIt",119,"none","2015-6",5
"top_hashtag","BigEarInc",103,"none","2015-6",5
"top_hashtag","hearingaids",92,"none","2015-6",5
"top_hashtag","loss",79,"none","2015-6",5
"top_hashtag","audpeeps",75,"none","2015-6",5
"top_hashtag","2",70,"none","2015-6",5
"top_hashtag","4",68,"none","2015-6",5
"top_hashtag","6",63,"none","2015-6",5
"top_hashtag","3",62,"none","2015-6",5
"top_hashtag","music",62,"none","2015-6",5
"tag","HLAA2015",35,"conference","2015-6",5
"tag","MNDAwarenessMonth2015
One",15,"conference","2015-6",5
"tag","2015SDS",5,"conference","2015-6",5
"tag","EWM15",5,"conference","2015-6",5
"tag","reasonconf2015",5,"conference","2015-6",5
"tag","wvs2015",5,"conference","2015-6",5
"tag","AANP15",4,"conference","2015-6",5
"tag","CMVAwarenessMonth2015",4,"conference","2015-6",5
"tag","DBAW15",4,"conference","2015-6",5
"tag","VisionUK2015",4,"conference","2015-6",5
"tag","anhsc2015",3,"conference","2015-6",5
"tag","BMC2015",3,"conference","2015-6",5
"tag","IA2015",3,"conference","2015-6",5
"tag","kfdigital15",3,"conference","2015-6",5
"tag","LDWeek15",3,"conference","2015-6",5
"tag","E32015",2,"conference","2015-6",5
"tag","firefly2015",2,"conference","2015-6",5
"tag","H4Hsummercamp15",2,"conference","2015-6",5
"tag","HSWeek15",2,"conference","2015-6",5
"tag","saaids2015",2,"conference","2015-6",5
"tag","ahcj15",1,"conference","2015-6",5
"tag","alaac15",1,"conference","2015-6",5
"tag","AMS15",1,"conference","2015-6",5
"tag","BIF15",1,"conference","2015-6",5
"tag","BIO2015",1,"conference","2015-6",5
"tag","change2015",1,"conference","2015-6",5
"tag","chla15",1,"conference","2015-6",5
"tag","CILAD2015",1,"conference","2015-6",5
"tag","DBAW2015",1,"conference","2015-6",5
"tag","fens2015",1,"conference","2015-6",5
"tag","FIFA15",1,"conference","2015-6",5
"tag","FightFor15",1,"conference","2015-6",5
"tag","GBC2015",1,"conference","2015-6",5
"tag","graphicon15",1,"conference","2015-6",5
"tag","italladdsup15",1,"conference","2015-6",5
"tag","menabling15",1,"conference","2015-6",5
"tag","MissSC2015",1,"conference","2015-6",5
"tag","NASN2015",1,"conference","2015-6",5
"tag","TwitterConfessions",1,"conference","2015-6",5
"tag","WorldCup2015",1,"conference","2015-6",5
"tag","wsd2015",1,"conference","2015-6",5
"tag","hearing",677,"mesh","2015-6",5
"tag","tinnitus",481,"mesh","2015-6",5
"tag","music",62,"mesh","2015-6",5
"tag","dementia",34,"mesh","2015-6",5
"tag","ear",27,"mesh","2015-6",5
"tag","deafness",23,"mesh","2015-6",5
"tag","audiology",22,"mesh","2015-6",5
"tag","Diet",15,"mesh","2015-6",5
"tag","noise",15,"mesh","2015-6",5
"tag","depression",11,"mesh","2015-6",5
"tag","work",10,"mesh","2015-6",5
"tag","Hawaii",9,"mesh","2015-6",5
"tag","arthritis",8,"mesh","2015-6",5
"tag","homeopathy",8,"mesh","2015-6",5
"tag","Osteoporosis",8,"mesh","2015-6",5
"tag","sound",8,"mesh","2015-6",5
"tag","anxiety",7,"mesh","2015-6",5
"tag","radio",7,"mesh","2015-6",5
"tag","volunteers",7,"mesh","2015-6",5
"tag","Basketball",6,"mesh","2015-6",5
"tag","boston",6,"mesh","2015-6",5
"tag","Medicare",6,"mesh","2015-6",5
"tag","exercise",5,"mesh","2015-6",5
"tag","insurance",5,"mesh","2015-6",5
"tag","love",5,"mesh","2015-6",5
"tag","parenting",5,"mesh","2015-6",5
"tag","safety",5,"mesh","2015-6",5
"tag","technology",5,"mesh","2015-6",5
"tag","workplace",5,"mesh","2015-6",5
"tag","education",4,"mesh","2015-6",5
"tag","Iran",4,"mesh","2015-6",5
"tag","memory",4,"mesh","2015-6",5
"tag","Parents",4,"mesh","2015-6",5
"tag","veterans",4,"mesh","2015-6",5
"tag","yoga",4,"mesh","2015-6",5
"tag","baseball",3,"mesh","2015-6",5
"tag","blogging",3,"mesh","2015-6",5
"tag","brain",3,"mesh","2015-6",5
"tag","charities",3,"mesh","2015-6",5
"tag","dreams",3,"mesh","2015-6",5
"tag","family",3,"mesh","2015-6",5
"tag","happiness",3,"mesh","2015-6",5
"tag","research",3,"mesh","2015-6",5
"tag","risk",3,"mesh","2015-6",5
"tag","sports",3,"mesh","2015-6",5
"tag","Tunisia",3,"mesh","2015-6",5
"tag","Venus",3,"mesh","2015-6",5
"tag","Vertigo",3,"mesh","2015-6",5
"tag","aging",2,"mesh","2015-6",5
"tag","Agriculture",2,"mesh","2015-6",5
"tag","1",60,"none","2015-6",5
"tag","deaf",52,"none","2015-6",5
"tag","MakeMusicChange
https://t…",47,"none","2015-6",5
"tag","emotional",41,"none","2015-6",5
"tag","5",35,"none","2015-6",5
"tag","Tsarnaev",35,"none","2015-6",5
"tag","Pitmad",34,"none","2015-6",5
"tag","NA",32,"none","2015-6",5
"tag","truestory",29,"none","2015-6",5
"tag","SLPeeps",28,"none","2015-6",5
"tag","cochlear",26,"none","2015-6",5
"tag","CR",25,"none","2015-6",5
"tag","hearinglosshour",24,"none","2015-6",5
"tag","Ageing",21,"none","2015-6",5
"tag","Roaracle",18,"none","2015-6",5
"tag","DontBeHorny",17,"none","2015-6",5
"tag","JaneaneGarofalo",17,"none","2015-6",5
"tag","VolunteersWeek",17,"none","2015-6",5
"tag","MakeMusicChange",16,"none","2015-6",5
"tag","MensHealthMonth",16,"none","2015-6",5
"tag","SB277",16,"none","2015-6",5
"tag","Skype",16,"none","2015-6",5
"tag","stigma",16,"none","2015-6",5
"tag","OliverAudiology",15,"none","2015-6",5
"tag","RaveResponsibly",15,"none","2015-6",5
"tag","TheHinduImpact",15,"none","2015-6",5
"tag","CMV",14,"none","2015-6",5
"tag","concerts",14,"none","2015-6",5
"top_twitterer","phonak",659,"none","2015-7",6
"top_twitterer","ktoddhouston",575,"none","2015-7",6
"top_twitterer","RoyalVolService",257,"none","2015-7",6
"top_twitterer","ActionOnHearing",251,"none","2015-7",6
"top_twitterer","CochlearUS",243,"none","2015-7",6
"top_twitterer","AegisSoundLabs",147,"none","2015-7",6
"top_twitterer","RestoreHearing",126,"none","2015-7",6
"top_twitterer","AGBellAssoc",113,"none","2015-7",6
"top_twitterer","MDLinx",102,"none","2015-7",6
"top_twitterer","HearingHealthFn",100,"none","2015-7",6
"top_twitterer","HEALTHFITNES26",88,"none","2015-7",6
"top_twitterer","HLAA",64,"none","2015-7",6
"top_twitterer","MedAcoustics",62,"none","2015-7",6
"top_twitterer","JaniceSLintz",59,"none","2015-7",6
"top_hashtag","HearingLoss",829,"none","2015-7",6
"top_hashtag","hearing",380,"none","2015-7",6
"top_hashtag","tinnitus",159,"none","2015-7",6
"top_hashtag","SandraBland's",121,"none","2015-7",6
"top_hashtag","Diet",107,"none","2015-7",6
"top_hashtag","UAE",93,"none","2015-7",6
"top_hashtag","hearingaids",89,"none","2015-7",6
"top_hashtag","audpeeps",88,"none","2015-7",6
"top_hashtag","deafness",84,"none","2015-7",6
"top_hashtag","loss",81,"none","2015-7",6
"top_hashtag","deaf",77,"none","2015-7",6
"top_hashtag","LSLS2015",70,"none","2015-7",6
"top_hashtag","ListenOut",65,"none","2015-7",6
"top_hashtag","humanrights",60,"none","2015-7",6
"tag","LSLS2015",70,"conference","2015-7",6
"tag","E32015",8,"conference","2015-7",6
"tag","iced2015",5,"conference","2015-7",6
"tag","USH2015",4,"conference","2015-7",6
"tag","BSHS15",3,"conference","2015-7",6
"tag","td15",3,"conference","2015-7",6
"tag","evo2015",2,"conference","2015-7",6
"tag","flipcon15",2,"conference","2015-7",6
"tag","Splash2015",2,"conference","2015-7",6
"tag","15CCDS",1,"conference","2015-7",6
"tag","18Mart1915",1,"conference","2015-7",6
"tag","Ashes15",1,"conference","2015-7",6
"tag","bigstuf2015",1,"conference","2015-7",6
"tag","biohack15",1,"conference","2015-7",6
"tag","CanadaDay2015",1,"conference","2015-7",6
"tag","CFMACONF15",1,"conference","2015-7",6
"tag","disabilityconfident",1,"conference","2015-7",6
"tag","edfringe2015",1,"conference","2015-7",6
"tag","ElectricForest2015",1,"conference","2015-7",6
"tag","Glasto2015",1,"conference","2015-7",6
"tag","MissingConf",1,"conference","2015-7",6
"tag","naidoc2015",1,"conference","2015-7",6
"tag","NSPC15",1,"conference","2015-7",6
"tag","psyc363s2015",1,"conference","2015-7",6
"tag","TO2015",1,"conference","2015-7",6
"tag","wfd2015",1,"conference","2015-7",6
"tag","hearing",380,"mesh","2015-7",6
"tag","tinnitus",159,"mesh","2015-7",6
"tag","Diet",107,"mesh","2015-7",6
"tag","deafness",84,"mesh","2015-7",6
"tag","dementia",42,"mesh","2015-7",6
"tag","audiology",41,"mesh","2015-7",6
"tag","music",28,"mesh","2015-7",6
"tag","technology",23,"mesh","2015-7",6
"tag","Afghanistan",18,"mesh","2015-7",6
"tag","Iraq",18,"mesh","2015-7",6
"tag","research",16,"mesh","2015-7",6
"tag","aging",14,"mesh","2015-7",6
"tag","noise",14,"mesh","2015-7",6
"tag","child",10,"mesh","2015-7",6
"tag","freedom",10,"mesh","2015-7",6
"tag","LOVE",10,"mesh","2015-7",6
"tag","Nutrition",10,"mesh","2015-7",6
"tag","osteoporosis",10,"mesh","2015-7",6
"tag","marketing",9,"mesh","2015-7",6
"tag","Nigeria",9,"mesh","2015-7",6
"tag","parents",9,"mesh","2015-7",6
"tag","radio",9,"mesh","2015-7",6
"tag","Mexico",8,"mesh","2015-7",6
"tag","volunteers",8,"mesh","2015-7",6
"tag","cannabis",7,"mesh","2015-7",6
"tag","depression",7,"mesh","2015-7",6
"tag","Golf",7,"mesh","2015-7",6
"tag","sound",7,"mesh","2015-7",6
"tag","mice",6,"mesh","2015-7",6
"tag","travel",6,"mesh","2015-7",6
"tag","communication",5,"mesh","2015-7",6
"tag","family",5,"mesh","2015-7",6
"tag","hyperacusis",5,"mesh","2015-7",6
"tag","Medicare",5,"mesh","2015-7",6
"tag","pediatrics",5,"mesh","2015-7",6
"tag","snoring",5,"mesh","2015-7",6
"tag","Acupuncture",4,"mesh","2015-7",6
"tag","brain",4,"mesh","2015-7",6
"tag","exercise",4,"mesh","2015-7",6
"tag","insurance",4,"mesh","2015-7",6
"tag","Obesity",4,"mesh","2015-7",6
"tag","parenting",4,"mesh","2015-7",6
"tag","Police",4,"mesh","2015-7",6
"tag","radiology",4,"mesh","2015-7",6
"tag","smoking",4,"mesh","2015-7",6
"tag","acoustics",3,"mesh","2015-7",6
"tag","beauty",3,"mesh","2015-7",6
"tag","empathy",3,"mesh","2015-7",6
"tag","Ibuprofen",3,"mesh","2015-7",6
"tag","loneliness",3,"mesh","2015-7",6
"tag","GrowingUpPlayingSports",48,"none","2015-7",6
"tag","hearingaccess",45,"none","2015-7",6
"tag","SubtitleIt",45,"none","2015-7",6
"tag","SandraBland",44,"none","2015-7",6
"tag","NHS",39,"none","2015-7",6
"tag","carenews",38,"none","2015-7",6
"tag","SBS",34,"none","2015-7",6
"tag","9",33,"none","2015-7",6
"tag","tech",32,"none","2015-7",6
"tag","1",27,"none","2015-7",6
"tag","NIHL",27,"none","2015-7",6
"tag","hearingAid",26,"none","2015-7",6
"tag","OTRAMinneapolis",23,"none","2015-7",6
"tag","icd10",21,"none","2015-7",6
"tag","cochlear",19,"none","2015-7",6
"tag","MiracleEar",18,"none","2015-7",6
"tag","TMS",18,"none","2015-7",6
"tag","DidYouKnow",16,"none","2015-7",6
"tag","HearandTalk",16,"none","2015-7",6
"tag","innovation",16,"none","2015-7",6
"tag","Antibiotics",15,"none","2015-7",6
"tag","earplugs",15,"none","2015-7",6
"tag","hear",15,"none","2015-7",6
"tag","HoH",15,"none","2015-7",6
"tag","success",15,"none","2015-7",6
"tag","cochlearimplant",14,"none","2015-7",6
"tag","android",13,"none","2015-7",6
"top_twitterer","phonak",742,"none","2015-8",7
"top_twitterer","CochlearUS",435,"none","2015-8",7
"top_twitterer","HearingHealthFn",435,"none","2015-8",7
"top_twitterer","ActionOnHearing",422,"none","2015-8",7
"top_twitterer","bordode",237,"none","2015-8",7
"top_twitterer","starkeyhearing",225,"none","2015-8",7
"top_twitterer","Siemens_Hear_US",197,"none","2015-8",7
"top_twitterer","Naturalmedicin",186,"none","2015-8",7
"top_twitterer","AegisSoundLabs",174,"none","2015-8",7
"top_twitterer","MDLinx",133,"none","2015-8",7
"top_twitterer","RestoreHearing",111,"none","2015-8",7
"top_twitterer","HLAA",110,"none","2015-8",7
"top_twitterer","JaniceSLintz",91,"none","2015-8",7
"top_twitterer","TeeShepard2",86,"none","2015-8",7
"top_hashtag","Hearingloss",1357,"none","2015-8",7
"top_hashtag","hearing",451,"none","2015-8",7
"top_hashtag","Mufc",166,"none","2015-8",7
"top_hashtag","tinnitus",163,"none","2015-8",7
"top_hashtag","depression",144,"none","2015-8",7
"top_hashtag","your",144,"none","2015-8",7
"top_hashtag","YouthSpark",135,"none","2015-8",7
"top_hashtag","AudPeeps",131,"none","2015-8",7
"top_hashtag","Deaf",106,"none","2015-8",7
"top_hashtag","hearingaids",104,"none","2015-8",7
"top_hashtag","disability",96,"none","2015-8",7
"top_hashtag","naturally",93,"none","2015-8",7
"top_hashtag","dementia",71,"none","2015-8",7
"top_hashtag","Loss",60,"none","2015-8",7
"tag","codi2015",16,"conference","2015-8",7
"tag","IYD2015",12,"conference","2015-8",7
"tag","codi15",10,"conference","2015-8",7
"tag","isaar2015",7,"conference","2015-8",7
"tag","icphs2015",6,"conference","2015-8",7
"tag","GivingChallenge15",5,"conference","2015-8",7
"tag","APA2015",4,"conference","2015-8",7
"tag","BarBash15",4,"conference","2015-8",7
"tag","TDIConf",3,"conference","2015-8",7
"tag","edfringe2015",2,"conference","2015-8",7
"tag","kyga15",2,"conference","2015-8",7
"tag","NCRA15",2,"conference","2015-8",7
"tag","wdsc2015",2,"conference","2015-8",7
"tag","2015HAW",1,"conference","2015-8",7
"tag","GreatNP2015)",1,"conference","2015-8",7
"tag","HGSA2015",1,"conference","2015-8",7
"tag","JakeMillerDazeAndConfused",1,"conference","2015-8",7
"tag","legon2015",1,"conference","2015-8",7
"tag","hearing",451,"mesh","2015-8",7
"tag","tinnitus",163,"mesh","2015-8",7
"tag","depression",144,"mesh","2015-8",7
"tag","dementia",71,"mesh","2015-8",7
"tag","deafness",59,"mesh","2015-8",7
"tag","Nursing",56,"mesh","2015-8",7
"tag","audiology",55,"mesh","2015-8",7
"tag","music",36,"mesh","2015-8",7
"tag","anxiety",27,"mesh","2015-8",7
"tag","diet",24,"mesh","2015-8",7
"tag","psychology",20,"mesh","2015-8",7
"tag","parenting",16,"mesh","2015-8",7
"tag","child",15,"mesh","2015-8",7
"tag","Technology",14,"mesh","2015-8",7
"tag","Afghanistan",13,"mesh","2015-8",7
"tag","Animation",13,"mesh","2015-8",7
"tag","Iraq",13,"mesh","2015-8",7
"tag","radio",13,"mesh","2015-8",7
"tag","Ear",11,"mesh","2015-8",7
"tag","Measles",11,"mesh","2015-8",7
"tag","speech",11,"mesh","2015-8",7
"tag","sports",10,"mesh","2015-8",7
"tag","memory",9,"mesh","2015-8",7
"tag","brain",8,"mesh","2015-8",7
"tag","noise",8,"mesh","2015-8",7
"tag","students",8,"mesh","2015-8",7
"tag","Veterans",8,"mesh","2015-8",7
"tag","China",7,"mesh","2015-8",7
"tag","football",7,"mesh","2015-8",7
"tag","insurance",7,"mesh","2015-8",7
"tag","meningitis",7,"mesh","2015-8",7
"tag","Nutrition",7,"mesh","2015-8",7
"tag","thinking",7,"mesh","2015-8",7
"tag","Travel",7,"mesh","2015-8",7
"tag","engineering",6,"mesh","2015-8",7
"tag","parents",6,"mesh","2015-8",7
"tag","police",6,"mesh","2015-8",7
"tag","Safety",6,"mesh","2015-8",7
"tag","sound",6,"mesh","2015-8",7
"tag","texas",6,"mesh","2015-8",7
"tag","aging",5,"mesh","2015-8",7
"tag","life",5,"mesh","2015-8",7
"tag","Medicine",5,"mesh","2015-8",7
"tag","Nigeria",5,"mesh","2015-8",7
"tag","psychiatry",5,"mesh","2015-8",7
"tag","research",5,"mesh","2015-8",7
"tag","volunteers",5,"mesh","2015-8",7
"tag","Colorado",4,"mesh","2015-8",7
"tag","Communication",4,"mesh","2015-8",7
"tag","inflammation",4,"mesh","2015-8",7
"tag","HealthCare",58,"none","2015-8",7
"tag","TakeAction",58,"none","2015-8",7
"tag","priorities",54,"none","2015-8",7
"tag","2",48,"none","2015-8",7
"tag","HealthTips",45,"none","2015-8",7
"tag","Hear",43,"none","2015-8",7
"tag","mentalhealth",41,"none","2015-8",7
"tag","EbixAdam",39,"none","2015-8",7
"tag","google",37,"none","2015-8",7
"tag","DidYouhear",36,"none","2015-8",7
"tag","NCLEX",36,"none","2015-8",7
"tag","Deflategate",31,"none","2015-8",7
"tag","DidYouKnow",31,"none","2015-8",7
"tag","cochlearimplants",29,"none","2015-8",7
"tag","ChildhoodCancer",27,"none","2015-8",7
"tag","StepUp",27,"none","2015-8",7
"tag","study",27,"none","2015-8",7
"tag","Aboriginal",25,"none","2015-8",7
"tag","genetherapy",25,"none","2015-8",7
"tag","3",23,"none","2015-8",7
"tag","TrueWireless",23,"none","2015-8",7
"tag","hearingaid",22,"none","2015-8",7
"tag","HearingAwarenessWeek",22,"none","2015-8",7
"tag","Cochlear",21,"none","2015-8",7
"tag","BacktoSchool",20,"none","2015-8",7
"tag","children",19,"none","2015-8",7
"tag","NIHL",19,"none","2015-8",7
"tag","GreatBigHearingCheck",18,"none","2015-8",7
"tag","hearinglosshour",18,"none","2015-8",7
"top_twitterer","phonak",610,"none","2015-9",8
"top_twitterer","ActionOnHearing",578,"none","2015-9",8
"top_twitterer","CochlearUS",309,"none","2015-9",8
"top_twitterer","AegisAcoustics",273,"none","2015-9",8
"top_twitterer","starkeyhearing",244,"none","2015-9",8
"top_twitterer","AegisSoundLabs",189,"none","2015-9",8
"top_twitterer","RestoreHearing",142,"none","2015-9",8
"top_twitterer","BigEarInc",127,"none","2015-9",8
"top_twitterer","MDLinx",124,"none","2015-9",8
"top_twitterer","HearingHealthFn",86,"none","2015-9",8
"top_twitterer","121captions",72,"none","2015-9",8
"top_twitterer","BrummieGitPress",64,"none","2015-9",8
"top_twitterer","MedAcoustics",60,"none","2015-9",8
"top_twitterer","tinnituscauses",56,"none","2015-9",8
"top_hashtag","hearingloss",837,"none","2015-9",8
"top_hashtag","hearing",592,"none","2015-9",8
"top_hashtag","your",166,"none","2015-9",8
"top_hashtag","naturally",165,"none","2015-9",8
"top_hashtag","loss",138,"none","2015-9",8
"top_hashtag","Tinnitus",133,"none","2015-9",8
"top_hashtag","audpeeps",131,"none","2015-9",8
"top_hashtag","hearingaids",114,"none","2015-9",8
"top_hashtag","deaf",106,"none","2015-9",8
"top_hashtag","CoverYourEars",73,"none","2015-9",8
"top_hashtag","ListenHear",73,"none","2015-9",8
"top_hashtag","GenerationDeaf",71,"none","2015-9",8
"top_hashtag","audiology",45,"none","2015-9",8
"top_hashtag","win",42,"none","2015-9",8
"tag","ICD2015",10,"conference","2015-9",8
"tag","btge15",8,"conference","2015-9",8
"tag","GE2015",8,"conference","2015-9",8
"tag","BSW15",7,"conference","2015-9",8
"tag","EHFG2015",7,"conference","2015-9",8
"tag","GP15Melb",7,"conference","2015-9",8
"tag","JBA2015Airshow",7,"conference","2015-9",8
"tag","NUHAPM2015",6,"conference","2015-9",8
"tag","BTA2015",5,"conference","2015-9",8
"tag","GHC15",3,"conference","2015-9",8
"tag","ILS15",3,"conference","2015-9",8
"tag","aldacon2015",2,"conference","2015-9",8
"tag","cagc2015",2,"conference","2015-9",8
"tag","div1516",2,"conference","2015-9",8
"tag","Engage15",2,"conference","2015-9",8
"tag","IWD2015",2,"conference","2015-9",8
"tag","RWC2015",2,"conference","2015-9",8
"tag","uncertainty2015",2,"conference","2015-9",8
"tag","USOpen2015",2,"conference","2015-9",8
"tag","2150E",1,"conference","2015-9",8
"tag","daww15",1,"conference","2015-9",8
"tag","DBAW15",1,"conference","2015-9",8
"tag","EarlyStartConf",1,"conference","2015-9",8
"tag","eyecareconference",1,"conference","2015-9",8
"tag","GivingChallenge15",1,"conference","2015-9",8
"tag","GivingChallenge15
Thank",1,"conference","2015-9",8
"tag","hopscotch15",1,"conference","2015-9",8
"tag","IDAW2015",1,"conference","2015-9",8
"tag","ISAAR2015",1,"conference","2015-9",8
"tag","IYD2015",1,"conference","2015-9",8
"tag","legon2015",1,"conference","2015-9",8
"tag","MacWW2015",1,"conference","2015-9",8
"tag","NIW2015",1,"conference","2015-9",8
"tag","NumunuFair2015",1,"conference","2015-9",8
"tag","OtoMtg15",1,"conference","2015-9",8
"tag","Polaris15",1,"conference","2015-9",8
"tag","springbreak2015",1,"conference","2015-9",8
"tag","Techshare15",1,"conference","2015-9",8
"tag","UWKIN155",1,"conference","2015-9",8
"tag","WAM2015",1,"conference","2015-9",8
"tag","hearing",592,"mesh","2015-9",8
"tag","Tinnitus",133,"mesh","2015-9",8
"tag","audiology",45,"mesh","2015-9",8
"tag","deafness",34,"mesh","2015-9",8
"tag","Noise",33,"mesh","2015-9",8
"tag","dementia",32,"mesh","2015-9",8
"tag","smoking",27,"mesh","2015-9",8
"tag","research",19,"mesh","2015-9",8
"tag","music",17,"mesh","2015-9",8
"tag","parents",13,"mesh","2015-9",8
"tag","technology",13,"mesh","2015-9",8
"tag","Lions",11,"mesh","2015-9",8
"tag","reading",11,"mesh","2015-9",8
"tag","aging",10,"mesh","2015-9",8
"tag","brain",10,"mesh","2015-9",8
"tag","Lipreading",10,"mesh","2015-9",8
"tag","radio",10,"mesh","2015-9",8
"tag","diet",8,"mesh","2015-9",8
"tag","washington",7,"mesh","2015-9",8
"tag","depression",6,"mesh","2015-9",8
"tag","ear",6,"mesh","2015-9",8
"tag","communication",5,"mesh","2015-9",8
"tag","geriatrics",5,"mesh","2015-9",8
"tag","hawaii",5,"mesh","2015-9",8
"tag","Bass",4,"mesh","2015-9",8
"tag","football",4,"mesh","2015-9",8
"tag","Medicine",4,"mesh","2015-9",8
"tag","Otolaryngology",4,"mesh","2015-9",8
"tag","risk",4,"mesh","2015-9",8
"tag","safety",4,"mesh","2015-9",8
"tag","schools",4,"mesh","2015-9",8
"tag","vertigo",4,"mesh","2015-9",8
"tag","acoustics",3,"mesh","2015-9",8
"tag","animation",3,"mesh","2015-9",8
"tag","birds",3,"mesh","2015-9",8
"tag","Florida",3,"mesh","2015-9",8
"tag","food",3,"mesh","2015-9",8
"tag","love",3,"mesh","2015-9",8
"tag","marketing",3,"mesh","2015-9",8
"tag","nanomedicine",3,"mesh","2015-9",8
"tag","nutrition",3,"mesh","2015-9",8
"tag","Ohio",3,"mesh","2015-9",8
"tag","Scotland",3,"mesh","2015-9",8
"tag","veterans",3,"mesh","2015-9",8
"tag","volunteers",3,"mesh","2015-9",8
"tag","alaska",2,"mesh","2015-9",8
"tag","Chicago",2,"mesh","2015-9",8
"tag","child",2,"mesh","2015-9",8
"tag","dolphins",2,"mesh","2015-9",8
"tag","education",2,"mesh","2015-9",8
"tag","DidYouHear",39,"none","2015-9",8
"tag","HearFon",38,"none","2015-9",8
"tag","NIHL",35,"none","2015-9",8
"tag","WRN",35,"none","2015-9",8
"tag","Cochlear",34,"none","2015-9",8
"tag","ENT",28,"none","2015-9",8
"tag","slpeeps",28,"none","2015-9",8
"tag","1",27,"none","2015-9",8
"tag","ShowYourAids",27,"none","2015-9",8
"tag","hearingaid",23,"none","2015-9",8
"tag","medx",23,"none","2015-9",8
"tag","Alzheimer's",22,"none","2015-9",8
"tag","DidYouKnow",20,"none","2015-9",8
"tag","MiracleEar",20,"none","2015-9",8
"tag","fitness",19,"none","2015-9",8
"tag","MAaccess",19,"none","2015-9",8
"tag","Hear",18,"none","2015-9",8
"tag","Staffordshire",18,"none","2015-9",8
"tag","WhateverItTakes",18,"none","2015-9",8
"tag","disability",17,"none","2015-9",8
"tag","Parliament's",17,"none","2015-9",8
"tag","backtoschool",16,"none","2015-9",8
"tag","Construction",16,"none","2015-9",8
"tag","infographic",16,"none","2015-9",8
"tag","WorldAlzheimersDay",16,"none","2015-9",8
"tag","Caregiver",15,"none","2015-9",8
"tag","Kids",15,"none","2015-9",8
"tag","DYK",14,"none","2015-9",8
"tag","LASUTH",14,"none","2015-9",8
